{"dtype": "assembly_information_model.assembly/Assembly", "data": {"graph": {"attributes": {}, "default_node_attributes": {"x": 0.0, "y": 0.0, "z": 0.0}, "default_edge_attributes": {}, "node": {"1": {"part": {"dtype": "assembly_information_model.part/Part", "data": {"attributes": {"name": "Part", "shape": {"dtype": "compas.geometry/Box", "data": {"xsize": 0.24, "ysize": 0.115, "zsize": 0.045, "frame": {"point": [0.0, 0.0, 0.0], "xaxis": [1.0, 0.0, 0.0], "yaxis": [0.0, 1.0, 0.0]}}, "guid": "bc50259d-896d-4a3d-bb66-8c659441052a"}, "mesh": {"dtype": "compas.datastructures/Mesh", "data": {"attributes": {}, "default_vertex_attributes": {"x": 0.0, "y": 0.0, "z": 0.0}, "default_edge_attributes": {}, "default_face_attributes": {}, "vertex": {"0": {"x": -0.12, "y": -0.0575, "z": -0.0225}, "1": {"x": -0.12, "y": 0.0575, "z": -0.0225}, "2": {"x": 0.12, "y": 0.0575, "z": -0.0225}, "3": {"x": 0.12, "y": -0.0575, "z": -0.0225}, "4": {"x": -0.12, "y": -0.0575, "z": 0.0225}, "5": {"x": 0.12, "y": -0.0575, "z": 0.0225}, "6": {"x": 0.12, "y": 0.0575, "z": 0.0225}, "7": {"x": -0.12, "y": 0.0575, "z": 0.0225}}, "face": {"0": [0, 1, 2, 3], "1": [0, 3, 5, 4], "2": [3, 2, 6, 5], "3": [2, 1, 7, 6], "4": [1, 0, 4, 7], "5": [4, 5, 6, 7]}, "facedata": {"0": {}, "1": {}, "2": {}, "3": {}, "4": {}, "5": {}}, "edgedata": {}, "max_vertex": 7, "max_face": 5}, "inheritance": [], "name": "Box", "guid": "885cfe1d-cc72-479d-b7a8-9912fcf777c6"}}, "key": 1, "frame": {"point": [1.4445371429373282, -0.12340032660879614, -0.11212299197883513], "xaxis": [0.2583226938155818, -0.9660586865505952, -1.2246467991473537e-16], "yaxis": [-0.9660586865505952, -0.2583226938155818, 1.2246467991473532e-16]}}, "inheritance": [], "guid": "e1157149-5ec2-4f5a-b74a-0ee5a957ee46"}, "x": 1.470101220420423, "y": -0.08594271575230582, "z": -0.1351616686138004, "estimated_frame": {"dtype": "compas.geometry/Frame", "data": {"point": [1.4445371429373282, -0.12340032660879614, -0.11212299197883513], "xaxis": [0.2583226938155818, -0.9660586865505952, -1.2246467991473537e-16], "yaxis": [-0.9660586865505952, -0.2583226938155818, 1.2246467991473532e-16]}, "guid": "ed6908fa-ab3c-4fab-873f-613d8700c849"}, "initial_estimated_frame": {"dtype": "compas.geometry/Frame", "data": {"point": [1.470101220420423, -0.08594271575230582, -0.1351616686138004], "xaxis": [0.020595264941698044, -0.9997878950367329, 0.0], "yaxis": [-0.9997878950367329, -0.020595264941698044, 1.2246467991473532e-16]}, "guid": "2dc5d652-6e35-4ce8-9d78-232a742c3342"}, "available": false, "built": false, "place_key": 0}, "2": {"part": {"dtype": "assembly_information_model.part/Part", "data": {"attributes": {"name": "Part", "shape": {"dtype": "compas.geometry/Box", "data": {"xsize": 0.24, "ysize": 0.115, "zsize": 0.045, "frame": {"point": [0.0, 0.0, 0.0], "xaxis": [1.0, 0.0, 0.0], "yaxis": [0.0, 1.0, 0.0]}}, "guid": "bc50259d-896d-4a3d-bb66-8c659441052a"}, "mesh": {"dtype": "compas.datastructures/Mesh", "data": {"attributes": {}, "default_vertex_attributes": {"x": 0.0, "y": 0.0, "z": 0.0}, "default_edge_attributes": {}, "default_face_attributes": {}, "vertex": {"0": {"x": -0.12, "y": -0.0575, "z": -0.0225}, "1": {"x": -0.12, "y": 0.0575, "z": -0.0225}, "2": {"x": 0.12, "y": 0.0575, "z": -0.0225}, "3": {"x": 0.12, "y": -0.0575, "z": -0.0225}, "4": {"x": -0.12, "y": -0.0575, "z": 0.0225}, "5": {"x": 0.12, "y": -0.0575, "z": 0.0225}, "6": {"x": 0.12, "y": 0.0575, "z": 0.0225}, "7": {"x": -0.12, "y": 0.0575, "z": 0.0225}}, "face": {"0": [0, 1, 2, 3], "1": [0, 3, 5, 4], "2": [3, 2, 6, 5], "3": [2, 1, 7, 6], "4": [1, 0, 4, 7], "5": [4, 5, 6, 7]}, "facedata": {"0": {}, "1": {}, "2": {}, "3": {}, "4": {}, "5": {}}, "edgedata": {}, "max_vertex": 7, "max_face": 5}, "inheritance": [], "name": "Box", "guid": "80f9a109-8819-426b-865c-3cdc54856196"}}, "key": 2, "frame": {"point": [1.4303962703019075, -0.4529783841689166, -0.0984965358280534], "xaxis": [-0.24371769414799932, -0.9698462174794426, -1.224646799147353e-16], "yaxis": [-0.9698462174794426, 0.24371769414799932, 1.2246467991473525e-16]}}, "inheritance": [], "guid": "48448757-e627-4bc0-93a0-7633915972df"}, "x": 1.4751302395026138, "y": -0.43300948109809045, "z": -0.12301654870065803, "estimated_frame": {"dtype": "compas.geometry/Frame", "data": {"point": [1.4303962703019075, -0.4529783841689166, -0.0984965358280534], "xaxis": [-0.24371769414799932, -0.9698462174794426, -1.224646799147353e-16], "yaxis": [-0.9698462174794426, 0.24371769414799932, 1.2246467991473527e-16]}, "guid": "d94d173c-3041-4324-a2c9-2941bc03126f"}, "initial_estimated_frame": {"dtype": "compas.geometry/Frame", "data": {"point": [1.4751302395026138, -0.43300948109809045, -0.12301654870065803], "xaxis": [-0.25598059455545125, -0.9666819203911066, 0.0], "yaxis": [-0.9666819203911066, 0.25598059455545125, 1.2246467991473537e-16]}, "guid": "993fee3d-66de-46a9-a1d1-8ff5eb9f88d6"}, "available": false, "built": false, "place_key": 1}}, "edge": {"1": {}, "2": {}}, "max_node": 2}, "attributes": {}}, "inheritance": [], "guid": "f6676e60-01f4-4f50-afcd-2b5710e7ffb9"}