{"dtype": "assembly_information_model.assembly/Assembly", "data": {"graph": {"attributes": {}, "default_node_attributes": {"x": 0.0, "y": 0.0, "z": 0.0}, "default_edge_attributes": {}, "node": {"1": {"part": {"dtype": "assembly_information_model.part/Part", "data": {"attributes": {"name": "Part", "shape": {"dtype": "compas.geometry/Box", "data": {"xsize": 0.24, "ysize": 0.115, "zsize": 0.05, "frame": {"point": [0.0, 0.0, 0.0], "xaxis": [1.0, 0.0, 0.0], "yaxis": [0.0, 1.0, 0.0]}}, "guid": "9180f985-8fdb-49fd-8f2a-60f5e94bc9a1"}, "mesh": {"dtype": "compas.datastructures/Mesh", "data": {"attributes": {}, "default_vertex_attributes": {"x": 0.0, "y": 0.0, "z": 0.0}, "default_edge_attributes": {}, "default_face_attributes": {}, "vertex": {"0": {"x": -0.12, "y": -0.0575, "z": -0.025}, "1": {"x": -0.12, "y": 0.0575, "z": -0.025}, "2": {"x": 0.12, "y": 0.0575, "z": -0.025}, "3": {"x": 0.12, "y": -0.0575, "z": -0.025}, "4": {"x": -0.12, "y": -0.0575, "z": 0.025}, "5": {"x": 0.12, "y": -0.0575, "z": 0.025}, "6": {"x": 0.12, "y": 0.0575, "z": 0.025}, "7": {"x": -0.12, "y": 0.0575, "z": 0.025}}, "face": {"0": [0, 1, 2, 3], "1": [0, 3, 5, 4], "2": [3, 2, 6, 5], "3": [2, 1, 7, 6], "4": [1, 0, 4, 7], "5": [4, 5, 6, 7]}, "facedata": {"0": {}, "1": {}, "2": {}, "3": {}, "4": {}, "5": {}}, "edgedata": {}, "max_vertex": 7, "max_face": 5}, "inheritance": [], "name": "Box", "guid": "296018f9-8535-4476-8e1b-257be9543c3f"}}, "key": 1, "frame": {"point": [1.4149786750397308, -0.2609987401141923, 0.027992575446535994], "xaxis": [0.09128350956672623, -0.9958249448980385, 0.0], "yaxis": [-0.9958249448980385, -0.09128350956672623, 1.2246467991473532e-16]}}, "inheritance": [], "guid": "2e71db81-639a-4359-9d77-4553ad32670f"}, "x": 1.4135938602908094, "y": -0.2538663628229149, "z": 0.021399306306003396, "estimated_frame": {"dtype": "compas.geometry/Frame", "data": {"point": [1.4149786750397308, -0.2609987401141923, 0.027992575446535994], "xaxis": [0.09128350956672623, -0.9958249448980385, 0.0], "yaxis": [-0.9958249448980385, -0.09128350956672623, 1.2246467991473532e-16]}, "guid": "faa364d3-4c3a-49be-88c4-9766c12c438a"}, "initial_estimated_frame": {"dtype": "compas.geometry/Frame", "data": {"point": [1.4149786750397308, -0.2609987401141923, 0.027992575446535994], "xaxis": [0.09128350956672623, -0.9958249448980385, 0.0], "yaxis": [-0.9958249448980385, -0.09128350956672623, 1.2246467991473532e-16]}, "guid": "389640ee-3909-49ab-8e0e-b64b180657f1"}, "available": true, "built": true}, "2": {"part": {"dtype": "assembly_information_model.part/Part", "data": {"attributes": {"name": "Part", "shape": {"dtype": "compas.geometry/Box", "data": {"xsize": 0.24, "ysize": 0.115, "zsize": 0.05, "frame": {"point": [0.0, 0.0, 0.0], "xaxis": [1.0, 0.0, 0.0], "yaxis": [0.0, 1.0, 0.0]}}, "guid": "f5f8a20b-4153-40eb-ba55-fde279f651df"}, "mesh": {"dtype": "compas.datastructures/Mesh", "data": {"attributes": {}, "default_vertex_attributes": {"x": 0.0, "y": 0.0, "z": 0.0}, "default_edge_attributes": {}, "default_face_attributes": {}, "vertex": {"0": {"x": -0.12, "y": -0.0575, "z": -0.025}, "1": {"x": -0.12, "y": 0.0575, "z": -0.025}, "2": {"x": 0.12, "y": 0.0575, "z": -0.025}, "3": {"x": 0.12, "y": -0.0575, "z": -0.025}, "4": {"x": -0.12, "y": -0.0575, "z": 0.025}, "5": {"x": 0.12, "y": -0.0575, "z": 0.025}, "6": {"x": 0.12, "y": 0.0575, "z": 0.025}, "7": {"x": -0.12, "y": 0.0575, "z": 0.025}}, "face": {"0": [0, 1, 2, 3], "1": [0, 3, 5, 4], "2": [3, 2, 6, 5], "3": [2, 1, 7, 6], "4": [1, 0, 4, 7], "5": [4, 5, 6, 7]}, "facedata": {"0": {}, "1": {}, "2": {}, "3": {}, "4": {}, "5": {}}, "edgedata": {}, "max_vertex": 7, "max_face": 5}, "inheritance": [], "name": "Box", "guid": "d4297337-5da3-4dc0-86ed-53de76c762a8"}}, "key": 2, "frame": {"point": [1.3404515364359981, -0.018462367990999245, 0.03390488952294879], "xaxis": [0.21612571339598663, -0.9763655442553654, -1.2246467991473532e-16], "yaxis": [-0.9763655442553654, -0.21612571339598663, 1.2246467991473532e-16]}}, "inheritance": [], "guid": "af53b7a7-9cd0-4c84-b42a-7bca6f74d526"}, "x": 1.3652101381039605, "y": 0.024329742770223532, "z": 0.024971903261753692, "estimated_frame": {"dtype": "compas.geometry/Frame", "data": {"point": [1.3404515364359981, -0.018462367990999245, 0.03390488952294879], "xaxis": [0.21612571339598663, -0.9763655442553654, -1.2246467991473532e-16], "yaxis": [-0.9763655442553654, -0.21612571339598663, 1.2246467991473532e-16]}, "guid": "58a91a8b-df5a-4730-b0f3-93cc04328553"}, "initial_estimated_frame": {"dtype": "compas.geometry/Frame", "data": {"point": [1.3652101381039605, 0.024329742770223532, 0.024971903261753692], "xaxis": [0.24071577530406219, -0.9705956498561923, 0.0], "yaxis": [-0.9705956498561923, -0.24071577530406219, 1.2246467991473537e-16]}, "guid": "b52d5bf4-14aa-4e24-b5e0-4dd8255f2833"}, "available": true, "built": true}}, "edge": {"1": {}, "2": {}}, "max_node": 2}, "attributes": {}}, "inheritance": [], "guid": "73752f95-9b75-4d83-931e-f251de3592c7"}