{"dtype": "assembly_information_model.assembly/Assembly", "data": {"graph": {"attributes": {}, "default_node_attributes": {"x": 0.0, "y": 0.0, "z": 0.0}, "default_edge_attributes": {}, "node": {"0": {"part": {"dtype": "assembly_information_model.part/Part", "data": {"attributes": {"name": "Part", "shape": {"dtype": "compas.geometry/Box", "data": {"xsize": 0.24, "ysize": 0.115, "zsize": 0.045, "frame": {"point": [0.0, 0.0, 0.0], "xaxis": [1.0, 0.0, 0.0], "yaxis": [0.0, 1.0, 0.0]}}, "guid": "6dfc1c79-7983-4694-9d26-8290af1558fa"}, "mesh": {"dtype": "compas.datastructures/Mesh", "data": {"attributes": {}, "default_vertex_attributes": {"x": 0.0, "y": 0.0, "z": 0.0}, "default_edge_attributes": {}, "default_face_attributes": {}, "vertex": {"0": {"x": -0.12, "y": -0.0575, "z": -0.0225}, "1": {"x": -0.12, "y": 0.0575, "z": -0.0225}, "2": {"x": 0.12, "y": 0.0575, "z": -0.0225}, "3": {"x": 0.12, "y": -0.0575, "z": -0.0225}, "4": {"x": -0.12, "y": -0.0575, "z": 0.0225}, "5": {"x": 0.12, "y": -0.0575, "z": 0.0225}, "6": {"x": 0.12, "y": 0.0575, "z": 0.0225}, "7": {"x": -0.12, "y": 0.0575, "z": 0.0225}}, "face": {"0": [0, 1, 2, 3], "1": [0, 3, 5, 4], "2": [3, 2, 6, 5], "3": [2, 1, 7, 6], "4": [1, 0, 4, 7], "5": [4, 5, 6, 7]}, "facedata": {"0": {}, "1": {}, "2": {}, "3": {}, "4": {}, "5": {}}, "edgedata": {}, "max_vertex": 7, "max_face": 5}, "inheritance": [], "name": "Box", "guid": "ca57aee6-834d-4480-a7fa-353749186034"}}, "key": 0, "frame": {"point": [-0.9928939019221084, -0.4279451403228059, 0.1660573648450746], "xaxis": [0.9325546537211087, -0.36102883239860933, -1.2246467991473532e-16], "yaxis": [-0.36102883239860933, -0.9325546537211087, 1.2246467991473532e-16]}}, "inheritance": [], "guid": "3462e14d-1e8d-4de5-adf3-fa99b69c19b0"}, "x": -0.9838167107496446, "y": -0.44938248205799497, "z": 0.17272634610815557, "estimated_frame": {"dtype": "compas.geometry/Frame", "data": {"point": [-0.9928939019221084, -0.4279451403228059, 0.1660573648450746], "xaxis": [0.9325546537211087, -0.36102883239860933, -1.2246467991473532e-16], "yaxis": [-0.36102883239860933, -0.9325546537211087, 1.2246467991473532e-16]}, "guid": "1d8d42a2-c3dc-46a3-b438-e0ca63f6146c"}, "initial_estimated_frame": {"dtype": "compas.geometry/Frame", "data": {"point": [-0.9936033349530969, -0.4341978306090197, 0.16872703708303005], "xaxis": [0.9278858215417163, -0.3728644555087736, 0.0], "yaxis": [-0.3728644555087736, -0.9278858215417163, 1.2246467991473535e-16]}, "guid": "0e9c5aba-7433-4a6f-9c4d-42e0bbd2d90a"}, "available": false, "built": false, "place_key": 0}, "1": {"part": {"dtype": "assembly_information_model.part/Part", "data": {"attributes": {"name": "Part", "shape": {"dtype": "compas.geometry/Box", "data": {"xsize": 0.24, "ysize": 0.115, "zsize": 0.045, "frame": {"point": [0.0, 0.0, 0.0], "xaxis": [1.0, 0.0, 0.0], "yaxis": [0.0, 1.0, 0.0]}}, "guid": "e8e8e87a-5fd6-45e9-9d3e-4e4b0444cf53"}, "mesh": {"dtype": "compas.datastructures/Mesh", "data": {"attributes": {}, "default_vertex_attributes": {"x": 0.0, "y": 0.0, "z": 0.0}, "default_edge_attributes": {}, "default_face_attributes": {}, "vertex": {"0": {"x": -0.12, "y": -0.0575, "z": -0.0225}, "1": {"x": -0.12, "y": 0.0575, "z": -0.0225}, "2": {"x": 0.12, "y": 0.0575, "z": -0.0225}, "3": {"x": 0.12, "y": -0.0575, "z": -0.0225}, "4": {"x": -0.12, "y": -0.0575, "z": 0.0225}, "5": {"x": 0.12, "y": -0.0575, "z": 0.0225}, "6": {"x": 0.12, "y": 0.0575, "z": 0.0225}, "7": {"x": -0.12, "y": 0.0575, "z": 0.0225}}, "face": {"0": [0, 1, 2, 3], "1": [0, 3, 5, 4], "2": [3, 2, 6, 5], "3": [2, 1, 7, 6], "4": [1, 0, 4, 7], "5": [4, 5, 6, 7]}, "facedata": {"0": {}, "1": {}, "2": {}, "3": {}, "4": {}, "5": {}}, "edgedata": {}, "max_vertex": 7, "max_face": 5}, "inheritance": [], "name": "Box", "guid": "43a483e8-d7ed-4e99-95d7-ffd211d9e0bf"}}, "key": 1, "frame": {"point": [-0.7154103095388087, -0.44014119967861315, 0.17203315476159042], "xaxis": [-0.9963754707800613, -0.0850642182578041, -1.2246467991473537e-16], "yaxis": [-0.0850642182578041, 0.9963754707800613, 1.2246467991473532e-16]}}, "inheritance": [], "guid": "172e62ed-a3b9-47c7-a6eb-da217a2af71e"}, "x": -0.6929015804655332, "y": -0.4562835804725683, "z": 0.16094596064674288, "estimated_frame": {"dtype": "compas.geometry/Frame", "data": {"point": [-0.7154103095388087, -0.44014119967861315, 0.17203315476159042], "xaxis": [-0.9963754707800613, -0.0850642182578041, -1.2246467991473537e-16], "yaxis": [-0.0850642182578041, 0.9963754707800613, 1.2246467991473532e-16]}, "guid": "f06190ff-bdea-4057-835b-f1ffb6a697e0"}, "initial_estimated_frame": {"dtype": "compas.geometry/Frame", "data": {"point": [-0.6929015804655332, -0.4562835804725683, 0.16094596064674288], "xaxis": [-0.9762490379749846, -0.21665136937697202, 0.0], "yaxis": [-0.21665136937697202, 0.9762490379749846, 1.2246467991473535e-16]}, "guid": "dbd49a7a-f810-4364-a413-36fbec85b263"}, "available": false, "built": false, "place_key": 1}, "2": {"part": {"dtype": "assembly_information_model.part/Part", "data": {"attributes": {"name": "Part", "shape": {"dtype": "compas.geometry/Box", "data": {"xsize": 0.24, "ysize": 0.115, "zsize": 0.045, "frame": {"point": [0.0, 0.0, 0.0], "xaxis": [1.0, 0.0, 0.0], "yaxis": [0.0, 1.0, 0.0]}}, "guid": "9784ad55-eb48-49c8-ad05-f18666dd5985"}, "mesh": {"dtype": "compas.datastructures/Mesh", "data": {"attributes": {}, "default_vertex_attributes": {"x": 0.0, "y": 0.0, "z": 0.0}, "default_edge_attributes": {}, "default_face_attributes": {}, "vertex": {"0": {"x": -0.12, "y": -0.0575, "z": -0.0225}, "1": {"x": -0.12, "y": 0.0575, "z": -0.0225}, "2": {"x": 0.12, "y": 0.0575, "z": -0.0225}, "3": {"x": 0.12, "y": -0.0575, "z": -0.0225}, "4": {"x": -0.12, "y": -0.0575, "z": 0.0225}, "5": {"x": 0.12, "y": -0.0575, "z": 0.0225}, "6": {"x": 0.12, "y": 0.0575, "z": 0.0225}, "7": {"x": -0.12, "y": 0.0575, "z": 0.0225}}, "face": {"0": [0, 1, 2, 3], "1": [0, 3, 5, 4], "2": [3, 2, 6, 5], "3": [2, 1, 7, 6], "4": [1, 0, 4, 7], "5": [4, 5, 6, 7]}, "facedata": {"0": {}, "1": {}, "2": {}, "3": {}, "4": {}, "5": {}}, "edgedata": {}, "max_vertex": 7, "max_face": 5}, "inheritance": [], "name": "Box", "guid": "0995c4bf-eb42-420f-be52-1e5260005799"}}, "key": 2, "frame": {"point": [-1.276006403493986, -0.3575031960271862, 0.06587132309509286], "xaxis": [-0.993982462522921, -0.10953932717006266, 0.0], "yaxis": [-0.10953932717006266, 0.993982462522921, 1.2246467991473532e-16]}}, "inheritance": [], "guid": "9cec26b1-fe8a-44c5-9c49-e4a6736d7f92"}, "x": -1.276006403493986, "y": -0.3575031960271862, "z": 0.06587132309509286, "estimated_frame": {"dtype": "compas.geometry/Frame", "data": {"point": [-1.276006403493986, -0.3575031960271862, 0.06587132309509286], "xaxis": [-0.993982462522921, -0.10953932717006266, 0.0], "yaxis": [-0.10953932717006266, 0.993982462522921, 1.2246467991473532e-16]}, "guid": "77253c11-7a31-4bbd-8be9-b366777232df"}, "initial_estimated_frame": {"dtype": "compas.geometry/Frame", "data": {"point": [-1.276006403493986, -0.3575031960271862, 0.06587132309509286], "xaxis": [-0.993982462522921, -0.10953932717006266, 0.0], "yaxis": [-0.10953932717006266, 0.993982462522921, 1.2246467991473532e-16]}, "guid": "c88b87f9-3439-4a64-9c5a-6e038d2470ce"}, "available": true, "built": true}, "3": {"part": {"dtype": "assembly_information_model.part/Part", "data": {"attributes": {"name": "Part", "shape": {"dtype": "compas.geometry/Box", "data": {"xsize": 0.24, "ysize": 0.115, "zsize": 0.045, "frame": {"point": [0.0, 0.0, 0.0], "xaxis": [1.0, 0.0, 0.0], "yaxis": [0.0, 1.0, 0.0]}}, "guid": "39791038-5ef9-42cd-98bf-c1c1c2e9f024"}, "mesh": {"dtype": "compas.datastructures/Mesh", "data": {"attributes": {}, "default_vertex_attributes": {"x": 0.0, "y": 0.0, "z": 0.0}, "default_edge_attributes": {}, "default_face_attributes": {}, "vertex": {"0": {"x": -0.12, "y": -0.0575, "z": -0.0225}, "1": {"x": -0.12, "y": 0.0575, "z": -0.0225}, "2": {"x": 0.12, "y": 0.0575, "z": -0.0225}, "3": {"x": 0.12, "y": -0.0575, "z": -0.0225}, "4": {"x": -0.12, "y": -0.0575, "z": 0.0225},