{"dtype": "assembly_information_model.assembly/Assembly", "data": {"graph": {"attributes": {}, "default_node_attributes": {"x": 0.0, "y": 0.0, "z": 0.0}, "default_edge_attributes": {}, "node": {"0": {"part": {"dtype": "assembly_information_model.part/Part", "data": {"attributes": {"name": "Part", "shape": {"dtype": "compas.geometry/Box", "data": {"xsize": 0.24, "ysize": 0.115, "zsize": 0.045, "frame": {"point": [0.0, 0.0, 0.0], "xaxis": [1.0, 0.0, 0.0], "yaxis": [0.0, 1.0, 0.0]}}, "guid": "d4859144-bc59-4535-b153-e232c0ccef0d"}, "mesh": {"dtype": "compas.datastructures/Mesh", "data": {"attributes": {}, "default_vertex_attributes": {"x": 0.0, "y": 0.0, "z": 0.0}, "default_edge_attributes": {}, "default_face_attributes": {}, "vertex": {"0": {"x": -0.12, "y": -0.0575, "z": -0.0225}, "1": {"x": -0.12, "y": 0.0575, "z": -0.0225}, "2": {"x": 0.12, "y": 0.0575, "z": -0.0225}, "3": {"x": 0.12, "y": -0.0575, "z": -0.0225}, "4": {"x": -0.12, "y": -0.0575, "z": 0.0225}, "5": {"x": 0.12, "y": -0.0575, "z": 0.0225}, "6": {"x": 0.12, "y": 0.0575, "z": 0.0225}, "7": {"x": -0.12, "y": 0.0575, "z": 0.0225}}, "face": {"0": [0, 1, 2, 3], "1": [0, 3, 5, 4], "2": [3, 2, 6, 5], "3": [2, 1, 7, 6], "4": [1, 0, 4, 7], "5": [4, 5, 6, 7]}, "facedata": {"0": {}, "1": {}, "2": {}, "3": {}, "4": {}, "5": {}}, "edgedata": {}, "max_vertex": 7, "max_face": 5}, "inheritance": [], "name": "Box", "guid": "4247eea6-6e78-4e80-ab05-f043f2252c2a"}}, "key": 0, "frame": {"point": [-0.5002314954713902, -0.7939727818685488, -0.013732246767156175], "xaxis": [0.268218403813205, -0.9633581306325787, -1.2246467991473537e-16], "yaxis": [-0.9633581306325787, -0.268218403813205, -1.2246467991473532e-16]}}, "inheritance": [], "guid": "a4ad7f43-1694-4e7b-bba2-5b68442c91cb"}, "x": -0.47128014307968363, "y": -0.8193013615797208, "z": -0.028310914538405785, "estimated_frame": {"dtype": "compas.geometry/Frame", "data": {"point": [-0.5002314954713902, -0.7939727818685488, -0.013732246767156175], "xaxis": [0.268218403813205, -0.9633581306325787, -1.2246467991473537e-16], "yaxis": [-0.9633581306325787, -0.268218403813205, -1.2246467991473532e-16]}, "guid": "4a9d31c2-d97d-4842-83d4-5d10a40542e6"}, "initial_estimated_frame": {"dtype": "compas.geometry/Frame", "data": {"point": [-0.4707808883914785, -0.8258442495505522, -0.030897301283118905], "xaxis": [0.3705793279425852, -0.9288008191757918, 0.0], "yaxis": [-0.9288008191757918, -0.3705793279425852, 1.2246467991473532e-16]}, "guid": "1582f4a8-04f7-466f-bf8b-94d459bf57ab"}, "available": true, "built": true}, "1": {"part": {"dtype": "assembly_information_model.part/Part", "data": {"attributes": {"name": "Part", "shape": {"dtype": "compas.geometry/Box", "data": {"xsize": 0.24, "ysize": 0.115, "zsize": 0.045, "frame": {"point": [0.0, 0.0, 0.0], "xaxis": [1.0, 0.0, 0.0], "yaxis": [0.0, 1.0, 0.0]}}, "guid": "82a00dce-40be-4b8f-b3ab-b8ccf588c172"}, "mesh": {"dtype": "compas.datastructures/Mesh", "data": {"attributes": {}, "default_vertex_attributes": {"x": 0.0, "y": 0.0, "z": 0.0}, "default_edge_attributes": {}, "default_face_attributes": {}, "vertex": {"0": {"x": -0.12, "y": -0.0575, "z": -0.0225}, "1": {"x": -0.12, "y": 0.0575, "z": -0.0225}, "2": {"x": 0.12, "y": 0.0575, "z": -0.0225}, "3": {"x": 0.12, "y": -0.0575, "z": -0.0225}, "4": {"x": -0.12, "y": -0.0575, "z": 0.0225}, "5": {"x": 0.12, "y": -0.0575, "z": 0.0225}, "6": {"x": 0.12, "y": 0.0575, "z": 0.0225}, "7": {"x": -0.12, "y": 0.0575, "z": 0.0225}}, "face": {"0": [0, 1, 2, 3], "1": [0, 3, 5, 4], "2": [3, 2, 6, 5], "3": [2, 1, 7, 6], "4": [1, 0, 4, 7], "5": [4, 5, 6, 7]}, "facedata": {"0": {}, "1": {}, "2": {}, "3": {}, "4": {}, "5": {}}, "edgedata": {}, "max_vertex": 7, "max_face": 5}, "inheritance": [], "name": "Box", "guid": "8d2d3c63-4646-4ed5-9a7f-fe8cc434c09d"}}, "key": 1, "frame": {"point": [-0.4257911323467454, -0.9578001250398934, -0.08693853842853627], "xaxis": [0.3374561976688196, -0.9413412317830886, 0.0], "yaxis": [-0.9413412317830886, -0.3374561976688196, 1.2246467991473532e-16]}}, "inheritance": [], "guid": "4ed24910-face-4981-a74a-356ef4fc0e5e"}, "x": -0.4257911323467454, "y": -0.9578001250398934, "z": -0.08693853842853627, "estimated_frame": {"dtype": "compas.geometry/Frame", "data": {"point": [-0.4257911323467454, -0.9578001250398934, -0.08693853842853627], "xaxis": [0.3374561976688196, -0.9413412317830886, 0.0], "yaxis": [-0.9413412317830886, -0.3374561976688196, 1.2246467991473532e-16]}, "guid": "e9ccf4bb-1050-44d4-9f13-819a48e595ef"}, "initial_estimated_frame": {"dtype": "compas.geometry/Frame", "data": {"point": [-0.4257911323467454, -0.9578001250398934, -0.08693853842853627], "xaxis": [0.3374561976688196, -0.9413412317830886, 0.0], "yaxis": [-0.9413412317830886, -0.3374561976688196, 1.2246467991473532e-16]}, "guid": "a8887344-de4a-4bbe-b0a3-1c154bd26ebc"}, "available": true, "built": true}, "2": {"part": {"dtype": "assembly_information_model.part/Part", "data": {"attributes": {"name": "Part", "shape": {"dtype": "compas.geometry/Box", "data": {"xsize": 0.24, "ysize": 0.115, "zsize": 0.045, "frame": {"point": [0.0, 0.0, 0.0], "xaxis": [1.0, 0.0, 0.0], "yaxis": [0.0, 1.0, 0.0]}}, "guid": "a8472b8e-f985-40f9-962c-ca8eb1a8d44f"}, "mesh": {"dtype": "compas.datastructures/Mesh", "data": {"attributes": {}, "default_vertex_attributes": {"x": 0.0, "y": 0.0, "z": 0.0}, "default_edge_attributes": {}, "default_face_attributes": {}, "vertex": {"0": {"x": -0.12, "y": -0.0575, "z": -0.0225}, "1": {"x": -0.12, "y": 0.0575, "z": -0.0225}, "2": {"x": 0.12, "y": 0.0575, "z": -0.0225}, "3": {"x": 0.12, "y": -0.0575, "z": -0.0225}, "4": {"x": -0.12, "y": -0.0575, "z": 0.0225}, "5": {"x": 0.12, "y": -0.0575, "z": 0.0225}, "6": {"x": 0.12, "y": 0.0575, "z": 0.0225}, "7": {"x": -0.12, "y": 0.0575, "z": 0.0225}}, "face": {"0": [0, 1, 2, 3], "1": [0, 3, 5, 4], "2": [3, 2, 6, 5], "3": [2, 1, 7, 6], "4": [1, 0, 4, 7], "5": [4, 5, 6, 7]}, "facedata": {"0": {}, "1": {}, "2": {}, "3": {}, "4": {}, "5": {}}, "edgedata": {}, "max_vertex": 7, "max_face": 5}, "inheritance": [], "name": "Box", "guid": "b2cd9341-30c3-4045-b751-b18a0b9f2cf6"}}, "key": 2, "frame": {"point": [-0.5056395888331238, -0.6590502915320078, -0.08822038828076789], "xaxis": [-0.21165209040215896, -0.9773450734660694, -1.224646799147354e-16], "yaxis": [-0.9773450734660694, 0.21165209040215896, 1.224646799147353e-16]}}, "inheritance": [], "guid": "2a130bb0-e40f-4ca4-9c79-3bb4c6004165"}, "x": -0.5056395888331238, "y": -0.6590502915320078, "z": -0.08822038828076789, "estimated_frame": {"dtype": "compas.geometry/Frame", "data": {"point": [-0.5056395888331238, -0.6590502915320078, -0.08822038828076789], "xaxis": [-0.21165209040215896, -0.9773450734660694, -1.224646799147354e-16], "yaxis": [-0.9773450734660694, 0.21165209040215896, 1.224646799147353e-16]}, "guid": "c20e8f58-0934-4002-8dfa-81dc3d910e30"}, "initial_estimated_frame": {"dtype": "compas.geometry/Frame", "data": {"point": [-0.5056395888331238, -0.6590502915320078, -0.08822038828076789], "xaxis": [-0.21165209040215896, -0.9773450734660694, -1.224646799147354e-16], "yaxis": [-0.9773450734660694, 0.21165209040215896, 1.224646799147353e-16]}, "guid": "3b54fdc6-72b2-4ef7-a96c-b357baf220d8"}, "available": true, "built": true}}, "edge": {"0": {}, "1": {}, "2": {}}, "max_node": 2}, "attributes": {}}, "inheritance": [], "guid": "80899ded-d3ef-43f1-8a7c-479125adcd43"}